customer_id,region,valid_from,is_current
1001,east,2021-05-03,1
1002,east,2021-11-22,0
1002,north,2022-12-07,1
1003,east,2021-06-29,1
1004,north,2021-02-15,1
1005,west,2021-01-06,1
1006,east,2021-09-26,1
1007,north,2021-04-03,1
1008,south,2021-09-05,1
1009,east,2021-10-24,1
1010,north,2021-07-26,1
1011,west,2022-01-29,1
1012,west,2021-05-27,1
1013,west,2021-12-12,1
1014,west,2021-09-23,1
1015,east,2021-02-26,1
1016,south,2021-03-04,1
1017,south,2021-06-09,1
1018,west,2021-02-14,0
1018,north,2022-03-01,1
1019,west,2021-06-21,0
1019,east,2022-07-06,0
1019,south,2023-07-21,1
1020,north,2021-07-15,1
1021,north,2021-05-07,0
1021,south,2022-05-22,1
1022,south,2021-05-07,0
1022,north,2022-05-22,1
1023,north,2021-06-28,1
1024,east,2021-03-11,1
1025,east,2022-02-03,1
1026,south,2021-10-02,1
1027,west,2021-01-19,0
1027,south,2022-02-03,1
1028,north,2021-02-08,0
1028,east,2022-02-23,1
1029,south,2021-12-27,1
1030,south,2021-11-27,1
1031,south,2021-10-14,1
1032,south,2021-05-08,1
1033,west,2021-02-06,1
1034,south,2021-05-20,1
1035,south,2021-03-03,1
1036,south,2021-03-12,1
1037,south,2021-12-25,1
1038,east,2021-05-16,1
1039,north,2021-07-22,1
1040,west,2021-09-06,1
1041,south,2021-04-05,1
1042,north,2021-05-14,1
1043,east,2021-09-04,1
1044,west,2021-05-31,0
1044,east,2022-06-15,1
1045,south,2021-07-28,1
1046,north,2021-09-30,1
1047,south,2021-10-14,0
1047,west,2022-10-29,1
1048,west,2021-12-26,1
1049,north,2021-11-29,1
1050,north,2021-08-23,1
1051,east,2021-05-23,1
1052,west,2021-10-17,1
1053,east,2022-01-17,1
1054,north,2021-04-22,1
1055,south,2021-12-18,1
1056,north,2021-03-18,1
1057,east,2021-12-29,1
1058,north,2021-10-17,1
1059,east,2022-01-26,1
1060,west,2021-10-02,1
