order_id,customer_id,order_date,amount_eur,status
500469,1027,2022-07-01,789.01,completed
500474,1028,2022-07-04,460.03,completed
500029,1033,2022-07-06,751.88,completed
500519,1049,2022-07-06,3088.83,completed
500248,1048,2022-07-10,752.56,completed
500024,1032,2022-07-11,1642.27,completed
500369,1003,2022-07-11,291.69,completed
500328,1054,2022-07-16,400.11,completed
500165,1030,2022-07-19,288.96,completed
500498,1009,2022-07-23,198.11,completed
500495,1002,2022-07-24,371.69,completed
500470,1047,2022-07-25,533.83,completed
500007,1011,2022-07-26,1187.65,completed
500037,1003,2022-07-26,3070.99,completed
500307,1057,2022-07-26,466.28,completed
500273,1003,2022-07-27,250.94,completed
500213,1060,2022-07-30,536.39,completed
500421,1019,2022-07-31,1269.15,completed
500035,1024,2022-08-04,297.77,completed
500071,1034,2022-08-05,337.77,refunded
500070,1004,2022-08-11,1600.78,completed
500238,1040,2022-08-11,189.43,pending
500370,1018,2022-08-12,1026.26,completed
500257,1041,2022-08-17,1215.62,cancelled
500488,1033,2022-08-17,3934.19,completed
500348,1020,2022-08-20,717.19,completed
500460,1011,2022-08-20,995.96,completed
500215,1036,2022-08-21,207.92,completed
500464,1022,2022-08-23,310.16,completed
500235,1041,2022-08-27,828.78,completed
500278,1056,2022-08-27,745.23,completed
500112,1034,2022-08-29,2519.18,completed
500292,1060,2022-08-30,1231.37,completed
500424,1002,2022-08-30,2500.82,completed
500185,1019,2022-08-31,1110.22,completed
500483,1059,2022-08-31,2405.10,completed
500097,1044,2022-09-05,4571.88,completed
500134,1043,2022-09-10,434.42,completed
500247,1057,2022-09-10,178.72,completed
500508,1035,2022-09-10,937.35,completed
500124,1041,2022-09-11,772.01,completed
500276,1009,2022-09-12,516.69,cancelled
500087,1028,2022-09-13,1465.87,completed
500438,1046,2022-09-13,333.97,completed
500099,1016,2022-09-14,328.27,cancelled
500014,1047,2022-09-16,416.90,refunded
500288,1024,2022-09-16,395.04,cancelled
500032,1029,2022-09-18,207.07,completed
500180,1058,2022-09-18,1337.19,completed
500340,1026,2022-09-18,1841.00,completed
500186,1036,2022-09-22,2357.98,completed
500249,1006,2022-09-22,557.92,completed
500415,1037,2022-09-22,845.39,completed
500027,1042,2022-09-23,1315.91,completed
500195,1046,2022-09-24,483.95,completed
500377,1055,2022-09-24,508.14,pending
500085,1060,2022-09-27,1178.25,completed
500493,1038,2022-09-27,1278.67,completed
500467,1043,2022-09-28,160.99,completed
500442,1011,2022-09-29,934.06,completed
500453,1050,2022-10-02,384.91,completed
500480,1038,2022-10-03,1842.24,completed
500078,1049,2022-10-04,696.75,completed
500003,1050,2022-10-05,1271.71,completed
500479,1020,2022-10-06,968.30,completed
500478,1060,2022-10-07,3298.27,completed
500289,1016,2022-10-14,1895.14,completed
500211,1003,2022-10-18,1478.62,completed
500323,1021,2022-10-21,250.03,pending
500130,1022,2022-10-27,84.15,completed
500427,1034,2022-10-27,573.59,completed
500246,1005,2022-10-31,729.08,refunded
500291,1023,2022-11-01,217.28,completed
500280,1001,2022-11-09,455.72,completed
500062,1014,2022-11-12,269.79,completed
500465,1026,2022-11-16,407.55,completed
500383,1038,2022-11-18,373.65,completed
500450,1057,2022-11-18,1325.93,completed
500473,1013,2022-11-20,1783.40,pending
500051,1047,2022-11-22,573.62,completed
500345,1026,2022-11-22,397.87,completed
500135,1004,2022-11-23,202.43,completed
500491,1021,2022-11-23,727.31,completed
500057,1040,2022-11-24,987.06,completed
500252,1044,2022-11-25,377.31,completed
500447,1038,2022-11-25,512.09,completed
500403,1051,2022-11-27,378.32,completed
500184,1018,2022-11-29,1258.11,completed
500419,1032,2022-11-30,1066.59,completed
500308,1023,2022-12-01,2344.81,completed
500296,1042,2022-12-05,589.89,completed
500391,1029,2022-12-06,377.04,refunded
500482,1044,2022-12-08,193.39,completed
500496,1045,2022-12-11,1431.45,completed
500117,1006,2022-12-12,460.78,cancelled
500256,1024,2022-12-12,611.82,cancelled
500187,1008,2022-12-15,1432.76,completed
500387,1045,2022-12-15,344.74,cancelled
500448,1015,2022-12-15,1056.03,completed
500188,1024,2022-12-16,2079.38,completed
500253,1016,2022-12-16,1586.73,completed
500471,1020,2022-12-20,1519.07,completed
500139,1044,2022-12-21,1785.27,completed
500142,1029,2022-12-21,1405.82,completed
500364,1027,2022-12-23,1308.19,completed
500428,1043,2022-12-26,593.14,pending
500219,1032,2022-12-28,505.53,completed
500437,1035,2022-12-29,1575.16,completed
500088,1056,2022-12-30,1331.97,completed
500265,1040,2022-12-31,619.22,completed
500164,1024,2023-01-01,357.16,completed
500325,1047,2023-01-01,214.84,completed
500034,1007,2023-01-03,161.96,completed
500140,1007,2023-01-03,1585.86,completed
500386,1013,2023-01-03,688.65,completed
500475,1043,2023-01-03,1668.51,completed
500094,1048,2023-01-04,1292.34,completed
500019,1035,2023-01-05,243.96,refunded
500294,1032,2023-01-05,1247.71,completed
500012,1007,2023-01-06,1070.54,completed
500144,1043,2023-01-09,1164.98,completed
500214,1046,2023-01-12,691.86,completed
500404,1006,2023-01-12,711.24,refunded
500243,1057,2023-01-15,331.31,completed
500021,1002,2023-01-17,253.72,completed
500476,1020,2023-01-18,786.16,completed
500318,1015,2023-01-20,1155.61,completed
500106,1033,2023-01-21,717.12,completed
500228,1012,2023-01-21,332.13,completed
500210,1025,2023-01-23,444.61,completed
500054,1036,2023-01-24,1481.79,completed
500103,1057,2023-01-24,783.09,refunded
500330,1053,2023-01-25,1547.39,completed
500025,1035,2023-01-26,688.63,completed
500302,1024,2023-01-28,1104.96,completed
500366,1047,2023-01-29,5659.06,completed
500401,1051,2023-01-29,906.37,completed
500174,1013,2023-01-31,791.92,completed
500192,1029,2023-01-31,752.30,completed
500336,1027,2023-01-31,903.02,refunded
500208,1045,2023-02-01,209.62,cancelled
500175,1046,2023-02-05,1463.90,completed
500058,1023,2023-02-06,403.38,completed
500293,1047,2023-02-06,731.61,completed
500324,1035,2023-02-08,177.08,completed
500463,1025,2023-02-09,482.68,completed
500317,1021,2023-02-10,59.14,completed
500039,1054,2023-02-11,1085.81,completed
500468,1014,2023-02-11,230.73,completed
500516,1033,2023-02-13,551.11,completed
500193,1044,2023-02-14,477.70,completed
500518,1055,2023-02-17,1674.04,completed
500125,1053,2023-02-19,2517.59,refunded
500225,1010,2023-02-19,1387.61,cancelled
500363,1026,2023-02-20,744.24,completed
500123,1014,2023-02-27,1575.72,completed
500194,1047,2023-02-27,463.15,completed
500506,1033,2023-02-27,258.30,completed
500161,1053,2023-03-02,334.66,completed
500274,1016,2023-03-02,232.28,completed
500279,1060,2023-03-02,1055.03,completed
500263,1012,2023-03-03,440.91,completed
500459,1014,2023-03-03,764.35,completed
500305,1059,2023-03-08,1506.85,completed
500141,1059,2023-03-10,1060.71,completed
500327,1051,2023-03-10,431.15,completed
500484,1054,2023-03-11,464.63,completed
500172,1028,2023-03-12,377.27,pending
500201,1038,2023-03-12,502.90,completed
500001,1002,2023-03-13,833.96,cancelled
500023,1019,2023-03-13,1782.71,completed
500055,1051,2023-03-13,1093.76,completed
500434,1046,2023-03-17,1426.94,completed
500321,1016,2023-03-21,448.40,completed
500080,1023,2023-03-23,604.47,completed
500326,1017,2023-03-24,624.91,completed
500109,1035,2023-03-25,120.64,completed
500413,1055,2023-03-26,3961.52,completed
500452,1023,2023-03-27,875.70,completed
500514,1056,2023-03-27,339.10,completed
500422,1038,2023-03-28,253.94,completed
500309,1054,2023-03-29,430.98,completed
500314,1023,2023-03-29,672.46,completed
500282,1033,2023-03-30,406.01,completed
500313,1021,2023-04-01,847.24,completed
500423,1028,2023-04-01,610.39,completed
500457,1023,2023-04-03,1500.72,completed
500432,1054,2023-04-04,588.87,completed
500145,1024,2023-04-06,212.70,completed
500230,1035,2023-04-07,262.58,completed
500110,1018,2023-04-08,406.97,completed
500198,1044,2023-04-09,1763.97,completed
500481,1002,2023-04-09,357.12,completed
500031,1035,2023-04-12,518.95,completed
500113,1025,2023-04-18,502.87,completed
500240,1022,2023-04-18,405.67,completed
500297,1034,2023-04-18,1231.32,completed
500168,1035,2023-04-19,70.32,completed
500355,1058,2023-04-20,1081.04,pending
500063,1019,2023-04-25,706.40,completed
500119,1044,2023-04-25,434.22,completed
500202,1037,2023-04-26,557.55,completed
500255,1006,2023-04-27,507.73,cancelled
500036,1021,2023-04-29,535.79,completed
500126,1036,2023-04-29,434.14,pending
500433,1001,2023-04-29,536.47,completed
500105,1052,2023-05-01,699.25,completed
500356,1016,2023-05-02,224.11,completed
500393,1054,2023-05-02,1881.44,completed
500371,1059,2023-05-04,497.40,completed
500500,1031,2023-05-05,3225.83,completed
500374,1038,2023-05-09,828.03,completed
500077,1042,2023-05-10,485.68,completed
500209,1042,2023-05-10,1013.13,completed
500376,1059,2023-05-10,499.99,completed
500143,1001,2023-05-11,2294.33,cancelled
500181,1054,2023-05-11,1415.75,completed
500436,1045,2023-05-11,824.53,refunded
500171,1004,2023-05-12,201.22,completed
500191,1046,2023-05-15,1546.90,completed
500390,1053,2023-05-15,1351.56,completed
500093,1021,2023-05-18,1630.40,completed
500362,1041,2023-05-18,1954.95,completed
500166,1029,2023-05-20,1056.40,completed
500218,1045,2023-05-20,765.97,completed
500095,1023,2023-05-22,3598.95,completed
500398,1031,2023-05-22,749.15,cancelled
500128,1045,2023-05-26,2159.01,completed
500334,1035,2023-05-28,406.27,completed
500089,1029,2023-05-30,1101.27,completed
500339,1044,2023-05-30,315.59,completed
500379,1003,2023-05-30,969.18,completed
500382,1058,2023-06-02,755.93,completed
500361,1035,2023-06-03,492.94,completed
500456,1047,2023-06-03,443.13,completed
500220,1060,2023-06-04,660.26,completed
500045,1021,2023-06-05,1302.69,completed
500260,1017,2023-06-05,590.77,completed
500439,1015,2023-06-05,531.79,completed
500461,1009,2023-06-05,364.25,completed
500047,1002,2023-06-06,960.97,completed
500254,1040,2023-06-11,1580.80,completed
500040,1005,2023-06-12,207.10,completed
500429,1007,2023-06-12,977.42,completed
500121,1034,2023-06-13,909.19,completed
500269,1053,2023-06-13,668.69,completed
500122,1045,2023-06-14,1004.51,pending
500026,1027,2023-06-15,648.64,completed
500486,1033,2023-06-16,942.65,completed
500049,1014,2023-06-20,939.70,completed
500101,1033,2023-06-21,415.07,completed
500053,1045,2023-06-22,522.23,completed
500160,1029,2023-06-24,595.60,completed
500046,1027,2023-06-25,519.06,completed
500223,1046,2023-06-25,681.61,completed
500499,1017,2023-06-25,1020.58,cancelled
500346,1004,2023-06-27,1634.53,completed
500067,1058,2023-06-28,2153.20,pending
500120,1008,2023-06-28,424.79,completed
500102,1019,2023-06-29,1835.11,completed
500011,1024,2023-06-30,2024.96,completed
500505,1028,2023-07-01,1050.52,completed
500107,1043,2023-07-02,560.32,completed
500221,1045,2023-07-03,567.62,completed
500490,1056,2023-07-05,227.58,completed
500513,1003,2023-07-08,112.99,cancelled
500154,1033,2023-07-09,336.65,completed
500239,1004,2023-07-09,1152.56,pending
500329,1024,2023-07-10,2219.01,completed
500477,1045,2023-07-10,347.24,completed
500277,1048,2023-07-11,273.04,completed
500389,1010,2023-07-11,725.66,completed
500412,1046,2023-07-11,545.64,completed
500420,1032,2023-07-12,1890.79,completed
500060,1003,2023-07-16,775.10,completed
500212,1046,2023-07-16,793.49,completed
500315,1052,2023-07-19,1526.36,pending
500375,1024,2023-07-19,1769.20,completed
500290,1028,2023-07-20,1460.46,completed
500411,1012,2023-07-22,303.63,completed
500204,1012,2023-07-25,5321.37,completed
500306,1023,2023-07-25,687.86,completed
500020,1057,2023-07-26,630.58,completed
500365,1004,2023-07-27,1315.92,completed
500028,1025,2023-07-28,2054.62,completed
500244,1037,2023-07-28,393.13,completed
500167,1036,2023-07-29,2046.99,completed
500115,1003,2023-07-30,950.76,completed
500072,1059,2023-08-01,862.12,completed
500284,1040,2023-08-04,1341.23,completed
500206,1048,2023-08-06,363.77,completed
500217,1016,2023-08-06,118.53,completed
500358,1013,2023-08-08,289.41,completed
500075,1053,2023-08-14,1084.89,pending
500295,1010,2023-08-15,367.57,cancelled
500002,1008,2023-08-21,1667.35,completed
500149,1044,2023-08-24,484.86,completed
500114,1051,2023-08-25,469.41,cancelled
500407,1022,2023-08-25,532.51,completed
500262,1042,2023-08-26,1622.91,completed
500147,1008,2023-08-28,587.35,completed
500163,1007,2023-08-28,677.68,refunded
500408,1037,2023-08-28,287.30,completed
500485,1017,2023-09-01,1227.90,completed
500503,1019,2023-09-01,1986.17,completed
500267,1017,2023-09-02,437.26,pending
500385,1010,2023-09-04,116.61,completed
500151,1014,2023-09-07,1129.96,completed
500152,1001,2023-09-07,203.35,pending
500098,1017,2023-09-09,330.81,completed
500203,1014,2023-09-09,1092.56,completed
500435,1052,2023-09-12,547.53,refunded
500004,1059,2023-09-15,1569.21,completed
500059,1022,2023-09-18,300.37,completed
500446,1002,2023-09-19,200.38,refunded
500197,1016,2023-09-22,1383.54,completed
500322,1017,2023-09-22,455.08,completed
500454,1049,2023-09-22,872.77,completed
500444,1004,2023-09-23,581.11,refunded
500416,1060,2023-09-24,180.66,completed
500487,1053,2023-09-28,1019.27,completed
500271,1005,2023-09-30,629.60,completed
500397,1058,2023-10-01,641.98,completed
500108,1037,2023-10-02,146.43,pending
500242,1054,2023-10-03,1510.94,completed
500100,1015,2023-10-05,945.52,completed
500038,1040,2023-10-06,493.25,completed
500360,1051,2023-10-06,828.63,refunded
500086,1060,2023-10-07,871.83,completed
500395,1059,2023-10-07,469.08,completed
500250,1050,2023-10-09,1478.10,completed
500216,1003,2023-10-12,736.60,cancelled
500373,1038,2023-10-12,775.97,completed
500010,1002,2023-10-13,1127.35,completed
500431,1008,2023-10-13,3878.89,completed
500281,1030,2023-10-14,646.18,refunded
500378,1057,2023-10-14,214.66,completed
500502,1017,2023-10-14,1370.66,completed
500332,1025,2023-10-17,445.00,cancelled
500353,1012,2023-10-17,712.29,completed
500507,1048,2023-10-17,608.53,completed
500226,1053,2023-10-19,538.30,completed
500048,1012,2023-10-20,815.25,completed
500399,1002,2023-10-21,3135.40,completed
500237,1055,2023-10-22,1395.12,completed
500335,1039,2023-10-23,1921.93,completed
500372,1043,2023-10-23,668.51,completed
500515,1052,2023-10-24,1812.21,completed
500009,1041,2023-10-26,768.72,completed
500064,1050,2023-10-27,397.36,completed
500052,1020,2023-10-29,255.71,completed
500178,1002,2023-10-30,963.26,completed
500347,1001,2023-10-30,1773.20,completed
500030,1038,2023-11-06,772.27,completed
500449,1023,2023-11-07,761.44,completed
500236,1039,2023-11-08,921.45,cancelled
500445,1040,2023-11-08,395.48,completed
500132,1019,2023-11-13,898.93,cancelled
500494,1056,2023-11-13,516.92,completed
500304,1037,2023-11-15,1365.65,completed
500380,1036,2023-11-16,914.00,cancelled
500170,1057,2023-11-19,1361.16,completed
500137,1054,2023-11-22,1355.14,completed
500129,1055,2023-11-23,1875.52,completed
500331,1005,2023-11-24,547.75,completed
500268,1036,2023-11-26,730.84,completed
500349,1036,2023-11-26,556.81,completed
500018,1001,2023-11-28,344.00,completed
500455,1018,2023-11-30,198.91,completed
500084,1028,2023-12-02,4082.66,completed
500207,1038,2023-12-02,559.88,completed
500251,1011,2023-12-02,579.56,completed
500013,1027,2023-12-05,622.50,completed
500043,1021,2023-12-10,469.27,completed
500150,1019,2023-12-11,259.13,completed
500367,1020,2023-12-13,308.75,completed
500042,1055,2023-12-15,320.19,completed
500056,1029,2023-12-19,3510.19,completed
500081,1002,2023-12-20,1209.76,refunded
500061,1044,2023-12-21,852.97,completed
500090,1036,2023-12-22,1212.54,completed
500076,1054,2023-12-23,3038.54,completed
500497,1036,2023-12-23,2083.86,completed
500083,1050,2023-12-24,1925.41,completed
500458,1017,2023-12-25,216.56,completed
500316,1023,2023-12-27,256.49,completed
500388,1058,2023-12-27,470.27,cancelled
500342,1006,2023-12-28,518.89,completed
500264,1014,2023-12-29,950.05,completed
500065,1021,2024-01-01,1022.15,completed
500511,1017,2024-01-01,322.91,completed
500510,1049,2024-01-05,463.48,completed
500298,1001,2024-01-10,743.76,completed
500320,1026,2024-01-10,487.52,completed
500111,1038,2024-01-13,411.75,completed
500157,1059,2024-01-14,1504.26,completed
500258,1050,2024-01-14,1104.09,completed
500245,1021,2024-01-15,583.32,completed
500118,1057,2024-01-16,1326.75,completed
500146,1029,2024-01-16,1531.75,completed
500224,1013,2024-01-18,3346.46,completed
500414,1033,2024-01-18,856.00,completed
500156,1040,2024-01-21,793.31,refunded
500182,1010,2024-01-22,1110.75,completed
500270,1040,2024-01-22,260.32,completed
500041,1005,2024-01-25,397.96,completed
500405,1012,2024-01-25,895.33,completed
500050,1043,2024-02-02,851.42,refunded
500044,1049,2024-02-04,666.13,completed
500104,1049,2024-02-04,609.94,completed
500319,1029,2024-02-04,987.20,completed
500082,1056,2024-02-05,598.31,completed
500501,1010,2024-02-06,284.37,completed
500033,1021,2024-02-09,735.38,cancelled
500189,1010,2024-02-09,314.82,completed
500344,1017,2024-02-09,942.78,completed
500232,1026,2024-02-10,1181.40,cancelled
500443,1043,2024-02-11,1484.11,completed
500015,1001,2024-02-13,653.12,completed
500312,1055,2024-02-13,300.99,completed
500441,1026,2024-02-13,440.22,completed
500196,1052,2024-02-15,426.68,completed
500472,1003,2024-02-16,527.37,completed
500091,1057,2024-02-21,1994.27,completed
500006,1018,2024-02-23,505.50,completed
500173,1052,2024-02-23,715.14,completed
500159,1018,2024-02-25,744.76,completed
500200,1015,2024-02-25,884.48,refunded
500176,1022,2024-02-26,3730.21,completed
500177,1050,2024-02-26,640.66,completed
500430,1014,2024-02-26,1769.86,completed
500333,1026,2024-02-27,395.42,completed
500425,1042,2024-02-28,1249.97,completed
500155,1032,2024-02-29,470.74,completed
500158,1058,2024-02-29,1519.00,refunded
500017,1005,2024-03-05,2126.39,completed
500392,1044,2024-03-05,263.43,completed
500287,1039,2024-03-06,704.44,completed
500343,1048,2024-03-06,296.85,completed
500133,1053,2024-03-07,558.57,completed
500066,1002,2024-03-08,444.08,completed
500136,1033,2024-03-12,2594.53,completed
500000,1052,2024-03-13,406.95,cancelled
500410,1031,2024-03-13,178.20,completed
500354,1028,2024-03-15,1702.44,completed
500409,1021,2024-03-15,1333.02,completed
500517,1027,2024-03-15,290.40,completed
500183,1019,2024-03-16,365.37,completed
500299,1047,2024-03-17,413.46,completed
500509,1012,2024-03-17,711.15,completed
500205,1023,2024-03-20,524.91,pending
500286,1014,2024-03-21,552.90,completed
500022,1022,2024-03-23,305.74,completed
500338,1032,2024-03-23,1126.48,refunded
500227,1019,2024-03-24,351.07,completed
500350,1004,2024-03-25,681.91,completed
500396,1007,2024-03-25,963.45,completed
500357,1054,2024-03-28,828.94,completed
500016,1022,2024-03-29,448.42,completed
500285,1041,2024-03-29,638.69,completed
500199,1031,2024-03-31,1073.11,completed
500303,1022,2024-03-31,1590.40,refunded
500512,1003,2024-04-01,132.21,completed
500079,1056,2024-04-03,660.99,completed
500394,1021,2024-04-03,2655.89,completed
500241,1013,2024-04-06,1351.91,completed
500131,1026,2024-04-09,500.24,refunded
500337,1051,2024-04-09,1013.43,completed
500301,1045,2024-04-10,705.88,completed
500352,1045,2024-04-10,608.40,completed
500426,1023,2024-04-12,1023.98,completed
500504,1056,2024-04-14,766.95,completed
500069,1048,2024-04-15,1845.71,completed
500096,1011,2024-04-19,1201.74,pending
500384,1049,2024-04-21,881.27,completed
500092,1028,2024-04-22,933.88,completed
500229,1042,2024-04-24,2208.04,completed
500368,1014,2024-04-26,1930.40,completed
500116,1049,2024-04-28,1100.85,completed
500300,1034,2024-04-30,658.86,completed
500073,1052,2024-05-01,305.09,completed
500179,1058,2024-05-01,916.88,completed
500466,1015,2024-05-03,252.65,refunded
500261,1045,2024-05-04,1079.23,completed
500231,1007,2024-05-09,412.30,completed
500275,1022,2024-05-09,595.95,cancelled
500233,1042,2024-05-13,702.55,refunded
500008,1016,2024-05-17,2474.95,completed
500148,1009,2024-05-18,277.12,completed
500259,1009,2024-05-18,1065.06,completed
500005,1006,2024-05-22,185.10,completed
500266,1005,2024-05-22,502.88,completed
500489,1002,2024-05-25,749.80,completed
500068,1017,2024-05-27,3908.37,completed
500492,1016,2024-05-27,1755.24,completed
500138,1003,2024-06-01,2089.46,completed
500351,1003,2024-06-04,157.39,pending
500462,1015,2024-06-04,928.04,completed
500127,1020,2024-06-05,3554.31,completed
500272,1003,2024-06-05,629.20,completed
500169,1049,2024-06-07,537.12,completed
500311,1043,2024-06-07,368.18,refunded
500341,1010,2024-06-10,1774.19,completed
500406,1035,2024-06-10,173.52,completed
500418,1047,2024-06-10,751.32,completed
500153,1028,2024-06-13,1301.38,completed
500381,1044,2024-06-13,685.72,completed
500440,1019,2024-06-14,4016.29,completed
500234,1009,2024-06-16,1173.74,completed
500400,1034,2024-06-17,816.90,completed
500451,1041,2024-06-17,1282.38,refunded
500359,1014,2024-06-18,1486.83,completed
500222,1022,2024-06-19,989.77,completed
500283,1027,2024-06-20,977.51,pending
500162,1046,2024-06-24,1193.54,completed
500310,1031,2024-06-25,700.96,completed
500402,1053,2024-06-26,1082.24,pending
500074,1025,2024-06-27,1344.35,completed
500190,1013,2024-06-28,750.74,completed
500417,1027,2024-06-28,1213.42,completed
